jawa,indonesia
aba-aba,"aba-aba, perintah"
abab,hawa mulut
abang,merah
abar,menguap
ables,melesak
abrit ; abrit,merah
abuh,bengkak
abyor,bertebaran memenuhi
acung,menunjuk ke atas/ unjuk jari
ada-ada,inisiatif
adang,menanak nasi
adas,nama tanaman
adhang,menunggu di tempat yang akan dilewati
adhem,dingin
adhep,hadap
adhi,adik
adi,bernilai tinggi; mempunyai kelebihan
adil,adil
adoh,jauh
adol,menjual
adu,adu
adus,mandi
agama,besar; agung
agem,pakai
ageman,pakaian
ageng,besar
agni,api
agul-agul,andalan; jagoan
agung,api
aja,jangan
ajag,anjing hutan
ajak,ajak
ajang,wadah
ajar,"ajar, belajar"
ajeg,tetap
ajeng,akan
aji,nilai; harga
ajur,hancur
akas,alon
akas,"perai, keras"
ala,buruk
alangan,halangan
alas,hutan
alem,puji
aleman,manja
alesan,alasan
aling-aling,bersembunyi di balik
alis,alis
alok,berkata
alu,antan
alum,layu
alun-alun,lapangan di tengah kota
alus,halus
aluwung,lebih baik
ama,hama
aman,aman
amarga,karena
amargi; amargi,karena
amba,lebar/luas
ambah,jejak/jelajah/datangi
ambal,ulang
ambar,tersebar
ambeg,berwatak
amben,balai-balai
amber,meluap
ambet; ambet,bau
amblas,lenyap seketika
ambrol,runtuh
ambruk,tumbang/roboh
ambu,bau
ambung,cium
ambus,endus
ambyuk,menjatuhkan diri
ambyur,mencemplungkan diri ke dalam air
amek,mencari
amem,melempem
amem,sunyi
amis,anyir
ampak-ampak,kepulan debu
ampas,ampas
ampek,sulit bernafas; sesak
ampil; ampil,pinjam
amping-amping,berlindung di balik sesuatu
ampo,nama jajanan terbuat dari tanah jenis tertentu
amrih,"agar, supaya"
anak,anak
ancang-ancang,"persiapan, mengambil kuda-kuda"
ancas,tujuan
ancer-ancer,prakiraan; ancar-ancar
ancik,menginjak
ancur,air raksa
anda,tangga
andaka,banteng
andhang,tangga kayu berkaki empat
andhap,bagian bawah/rendah
andheng-andheng,tahi lalat
andhong,sejenis kereta kuda
andika,anda
andum,berbagi
aneh,aneh
anem,muda
angen-angen,pemikiran/ingatan
anget,hangat
angga,tubuh
anggak,sombong
anggara,selasa
anggarbini,hamil
anggep,anggap
angger,asalkan
angger-angger,peraturan
anggon,tempat
anggur,anggur
angin,angin
angin-angin,mencari udara
angkah,maksud
angkara,angkara
angker,angker
angler,nyenyak
angluh,dengan penuh rasa tidak berdaya mengahadapi situasi yang ada
angon,mengembala
angop,menguap
angsal,dapat
angsle,nama minuman
angslup,tenggelam
angur,masih lebih baik
angus,angus
anjlok,turun tiba-tiba
anjok,tiba di
anom,muda
antawecana,"Penggambaran sinopsis cerita, adegan, tokoh pagelaran wayangyang disampaikan oleh dalang dengan cara dilagukan"
antem,pukul/hantam
anteng,tenang
antop,bersendawa
antuk,dapat
anyang,tawar
anyang-anyangen,merasa seperti ingin kencing
anyar,baru
anyel,jengkel
anyep,dingin
anyep,tawar
anyes,dingin
apa,apa
apal),hafal
apek,bau tidak sedap yang berasal dari barang usang atau kamar yang lama tertutup
apem,apam
apes,sial
api-api,pura-pura
apik,baik
apu,kapur sirih;
apura,maaf
apus,sejenis bambu
apus,bohong
ara-ara,padang
arah,arah
aran,nama
arang,jarang
arang-arang,jarang
aren,enau
areng,arang
arep,hendak
arga,gunung
ari,adik
ari-ari,tali pusat
aris,lugas
arit,sabit
arsa,akan ; depan
arta,uang
aruh-aruh,menyapa
arus,anyir
arwah,arwah
asah,asah
asal,asal
asat,habis airnya
asem,asam
asih,kasih
asin,asin
asma,nama
asmara,asmara
asmarandana,nama metrum macapat
asor,kalah
asor,nista
asrep; asrep,dingin
asrep; asrep,dingin
asri,menyenangkan untuk dipandang
asta,tangan
asta,bawa
asu,anjing
asung,menghaturkan
ati,hati
ati-ati,hati-hati
atis,dingin
atos,keras
atur,atur
aturi,beri; persilakan
atus,tidak lagi mengandung air
awak,"badan, tubuh"
awan,siang
awang,berhitung tanpa alat bantu
awang-awang,langit bebas
awas,awas
awas,tajam
aweh,beri
awet,tidak cepat rusak
awis ; awis,mahal
awis-awis; awis-awis,jarang
awit,karena
awoh,berbuah
awon awon,jelek/buruk
awor,bercampur dengan
awrat,berat
awu,abu
awur,sebar
awur,asal-asalan
awut,membuat berantakan
ayahan,kewajiban
ayam; ayam,ayam
ayem,tentram
ayo,ayo
ayom,perlindungan
ayu,cantik
aywa,jangan
bab,"bab, hal, mengenai"
babad,cerita sejarah
babagan,tentang
babak-bundhas,babak-belur
babal,putik buah nangka
babar,menjadi banyak
babaran,bersalin
babat,bagian dalam usus sapi
babat,tebang
babit,mengayunkan benda dengan menahan ujungnya
babon,induk ayam
babu,perempuan pembantu
babut,permadani
bacem,peram; dimasak dengan bumbu tertentu
bacin,bau bangkai
bacut,lanjut
badan,diri
badhe,tebak
badhe; badhe,akan
badheg,bau busuk
badhek,air tapai
badhug,tembok rendah untuk meletakkan sesuatu
bagaskara,matahari
bagus,tampan
bahu,bahu; tenaga
bahureksa,penguasa
bajang,kerdil
bajing,tupai
bajul,buaya
bakal,bahan pakaian
bakal,akan
bakar,bakar
bakda,setelah
bakul,pedagang
balang,lempar
bale,rumah/bangunan
balen,rujuk
bali,pulang
balung,tulang
banaspati,hantu berbentuk api
banda,mengikat kedua tangan ke belakang
bandan,tawanan
bandar,"agen besar, cukong"
bandar,pelabuhan
bandayuda,berperang
bandha,harta
bandhul,bandul
banger,bau busuk
banget,sangat
bangga,meronta
bangir,mancung
bangka,mati
bangke,bangkai
bangkekan,pinggang
bangkelan,buntalan besar
bangku,bangku
bangsa,bangsa
banon,batu bata
bantah,bantah
bantal,bantal
bantala,tanah
banting,banting
banyak,angsa
banyu,air
bapa,bapa/ayah
bapang,parit/ genangan air
bar,selesai
barang,barang
barang,pertunjukan kesenian berkeliling
barat,angin
barep,sulung
bares,terus terang
baris,baris
baruna,dewa lautan
barung,besar; utama
baskara,matahari
bata,bata
batang,tebak
bathang,bangkai
bathara,sebutan untuk dewa
bathari,sebutan untuk dewi
bathi,keuntungan
bathok,tempurung
bathuk,dahi
batih,keluarga
baut,pintar; trampil
bawa,pembukaan gending
bawang,bawang
bawang lanang,bawang berumbi tunggal
bawel,nyinyir
bawera,subur
bawuk,kelamin perempuan
baya,buaya
bayan,petugas keamanan desa
bayar,bayar
bayem,bayam
bayen,melahirkan
bayi,bayi
bayu,angin
bebana,permintaan sebagai syarat
bebandan,tawanan
bebasan,seperti; layaknya
bebaya,bahaya
bebayu,otot
bebed,kain panjang yang dipakai pria
bebedhag,berburu
bebek,itik
bebendhu,hukuman
bebrayan,berkeluarga
bebucal; bebucal,berhajat besar
bebudhen,kepribadian
bebungah,hadiah
bebuwang,berhajat besar
becik,baik
becus,mampu
beda,goda
beda,berbeda
bedaya,tarian sakral yang menjadi ciri khas keraton
bedhah,terbuka paksa
bedhidhing,udara dingin di musim kemarau
bedhigasan,tingkahnya tidak karuan; tidak bisa diam
begawan,pendeta
begundhal,kaki-tangan
beja,beruntung
bejat,rusak
beka,meronta
bekasakan,hantu hutan
beksa,tari
beksan,tarian
bekti,bakti
belang,belang
belek,kotoran mata
belek,iris sepanjang garis tengah
belik,sumber air
beling,kaca
bena,banjir
bendara,majikan
bendha,nama pohon
bendhe,gong kecil
bendhel,ikatan
bendho,alat pemotong
bendhol,bengkak
bener,benar
bengawan,sungai
bengep,sembab
bengi,malam
bengkok,tanah yang hak garapnya diberikan kepada lurah sebagai bagian dari fasilitas jabatan
benik,kancing baju
bening,jernih
benjut,menjadi empuk karena tekanan/hantaman
beras,beras
bereng,luka di sudut bibir
beret,tergores
besar,nama bulan dalam kalender jawa
beser,sebentar-sebentar kencing
beset,sayat
besmi,bakar
besus,pandai; trampil
beta,bawa
betah,betah; enggan pergi
betah; betah,butuh
bethek,pintu pagar
beton,biji nangka
beya,biaya
binarung,seiring; diiringi
bingar,ceria
binggel,gelang kaki
bingget,tanda dikulit akbiat jepitan atau lilitan yang ketat
biyen,dahulu
blaka,berterus terang
blalak-blalak,membeliak; besar
blanak,jenis ikan
blarak,daun kelapa kering
blater,ramah; mudah bergaul
bledheg,guntur
bledheh,terbuka kancingnya
bledru,salah pilih/tertukar karena mirip
blencong,lampu minyak untuk penerangan dalam pagelaran wayang kulit
blendrang,sisa masakan bersantan yeng sudah dipanaskan berkali-kali
blereng,tidak nampak jelas; kabur
blesek,membenamkan ke dalam tumpukan
blirik,berbintik kecil
bloloken,silau
blondho,endapan yang dihasilkan dalam pembuatan minyak kelapa
blorok,bulunya berbintik hitam putih
bluluk,buah kelapa yang masih sebesar telur
bocah,anak
bodho,bodoh
bodong,pusar yang menonjol keluar
boga,pangan
bojo,suami/isteri
bokong,pantat
bokor,mangkuk besar
bolong,berlubang
bolot,daki
bonang,"alat musik pukul, bagian dari gamelan"
bong,makam Cina
bong,tukang khitan
bong,bakar
borok,luka lama
boyong,pindah
brabak,berubah merah
brahala,raksasa sebesar gunung
brahmana,pendeta
bramantya,"marah, kemarahan"
brambang,bawang merah
brangasn,mudah marah
branta,asmara
brastha,berantas
brewok,bercambang
brindhil,habis jarena dicabuti
brobos,masuk melalui celah atau kolong
brodhol,terlepas ikatannya
brojol,keluar sebelum waktunya; keluar dari bungkusan
brongkos,nama masakan
brudhul,keluar berama-ramai/berbarengan
brukut,terbungkus rapat
brutu,tunggir ayam
bubar,bubar; selesai
bubul,semacam bisul di telapak kaki
bubur,bubur
bubut,mencabuti
buda,rabu
budeg,tuli
budeng,kera hitam
bujana,hidangan
bujel,tumpul
bulak,daerah terbuka/ padang
bulak,pudar warnanya
bulan,bulan
bumbu,bumbu; rempah-rempah
bumbung,tempat berbentuk pipa besar atau terbuat dari bambu
bumpet,tersumbat
bunder,bundar
bundhas,melecet
bundhel,ujungnya membulat
bundhet,diberi ikatan mati pada ujungnya
bung,rebung
bungah,gembira
bungkem,diam; tidak mau mengatakan apa-apa
bungkik,kerdil
bungkil,ampas minyak kacang
bungkus,bungkus
bungur,nama tanaman
buntel,bungkus
buntet,buntu; tidak berongga
buntil,"masakan terbuat dari kelapa muda, ikan teri dan daun keladi sebagai pembungkus"
buntu,buntu
buntung,hilang/patah bagian ujungnya
burek,legap
bureng,tidak jelas terlihat
buri,belakang
burik,bopeng
buru,kejar
buruh,bekerja untuk orang lain
busana,pakaian
busana,berpakaian
buthak,botak
buthuk,membusuk
buwang,buang
buyut,cicit
buyuten,bagian tubuhnya bergerak-gerak tidak terkendali karena ketuaan
cabar,kehilangan arti
cabe,nama rempah untuk jamu
cacat,cacat
cadhong,menadahkan tangan
cagak,tongkat/penyangga
cakepan,lirik lagu
cakot,gigit
cakra,senjata dalam pewayangan; lingkaran
cambah,tauge
campur,campur
candala,jahat
candhik kala,semburat merah di langit pada saat senja hari
candra,bulan
candra,kiasan
candramawa,kucing hitam
cangkem,mulut
cangking,jinjing
cangkir,cangkir
cangklong,pipa
cangklong,menyandang di bahu
canthas,bicaranya lantang
canthel,sejenis jagung
cantheng,"radang di jari, umumnya di ibu jari kaki akibat tertusuk kuku"
canthing,alat untuk membatik
canthol,cantol
cantrik,murid padepokan
capil,"topi petani, bentuknya bulat  berujung runcing"
caping,"topi petani, bentuknya bulat  berujung runcing"
caplak,penyakit kulit
caplok,memasukkan semua ke dalam mulut
cara,cara
caraka,utusan
carang,ranting
carita,cerita
carup,raup
cathek,gigit
cathet,catat
catur,empat
caturan,bercakap-cakap
cawang,tanda V
cawe-cawe,"turun tangan, ikut campur"
cawet,celana dalam
cawik,cebok
cawis,sedia
cawuk,mengambil dengan cara menyendokkan tangan
cecak,cicak
cedhak,dekat
cedhal,cadel; tidak bisa mengucapkan bunyi tertentu dengan benar
cegat,hadang
cekak,tidak mencukupi; ukurannya tidak memadai; pendek sekali
cekakakan,tertawa-tawa dengan keras
cekakik,ampas kopi
cekel,pegang
ceker,kaki unggas
celak,penegas garis tepi mata
celak,penegas garis tepi mata
celak,dekat
celempung,alat musik bagian dari gamelan
celuk,panggil
cemani,hitam
cemawis,tersedia
cemeng,anak kucing
cemeng,hitam
cemet,pipih karena tertimpa/tertekan beban berat
cemplang,tidak sedap/ kurang pas
cemplung,masuk
cendhak,pendek
cengkir,"buah kelapa yang masih sebesar kepalan, belum berdaging buah"
cepak,"tersedia, siap"
cepak-cepak,siap-siap
cepeng; cepeng,pegang
ceplus,gigit
cepuk,"wadah kecil, biasanya untuk menyimpan perhiasan"
cerek,"tanda bunyi ""re"" pada aksara Jawa"
ceret,cerek
ceriwis,banyak bicara
cetha,jelas
cethek,dangkal
cethik,menyalakan
cethil,pelit
cethok,sendok semen
cethot,cubit besar
cicil,angsur
cicip,merasai
cidra,curi; culik
cidra,tidak menepati janji
cilaka,celaka
cilik,kecil
cingak,terkejut karena heran
climen,kecil-kecilan
clingus,"pemalu, tidak percaya diri"
clometan,berteriak tak beraturan/bersahutan
cluluk,tiba-tiba berkata
cluluk,tiba-tiba berkata
cluthak,suka mencuri makanan
cocot,mulut
colok,penerangan/ obor
colong,curi
congor,hidung binatang berkaki empat
contheng,coret silang
coplok,tanggal
copot,tanggal/cabut
coro,kecoa
cotho,repot karena ditinggalkan; kehilangan andalan
crah,bercerai; saling bermusuhan
cubles,menusuk dengan benda runcing
cubluk,bodoh
cucakrawa,nama burung
cucuk,paruh
culek,mencolok mata
culik,culik
culik,mengambil sebagian nasi yang sedang dimasak
cundrik,keris kecil
cunduk,tusuk
cungkup,atap makam
cupet,terbatas
cupu,"wadah kecil, biasanya untuk menyimpan perhiasan"
curek,kotoran telinga
cures,habis/tertumpas
curut,tikus bermoncong runcing
cuthik,tongkat penunjuk/ potongan dahan
cuwa,kecewa
cuwil,mengambil sebagian kecil
cuwil,terkoyak/terpotong /pecah  sedikit di bagian tepi
dadak,"harus, terpaksa"
dadakan,pemicu timbulnya permasalahan
dadakan,tanpa rencana
dadar,makanan/ telor digoreng melebar tipis
daden-daden,jadi-jadian
dadi,jadi
dados; dados,jadi
dagang,berdagang
dahana,api
dahuru,huru-hara
dahwen,suka mencerca
dalah,dan; bersama dengan
dalan,jalan
dalem,rumah
dalu; dalu,malam
damar,lak
damar,pelita
damen,barang padi
dami,jerami nangka
damu,tiup
danawa,raksasa
dandan,bersolek/ merias diri
dandan-dandan,memperbaiki bangunan
dandang,periuk nasi
dandos; dandos,perbaiki
dapur,wajah; dapur
dara,burung dara
dara,betina muda
darbe,"milik, mempunyai"
darma,"darma, kewajiban dalam hidup"
dasa,puluh
dawa,panjang
dawet,cendol
daya,daya
daya-daya,bersegera
dede,bukan
degan,kelapa muda
deling,bambu
demek,pegang
dene,sedangkan
dengkul,lutut
desa,desa
dewa,dewa
dhadha,mengakui kesalahan
dhadha,dada
dhadhak,getah
dhadhakmerak,pemain dalam kesenian reog yang memakai hiasan bulu merak di kepalanya
dhadhal,runtuh terbawa arus air
dhadhu,dadu
dhadhung,tali
dhagelan,lawak
dhalang,dalang
dhangka,tempat asal
dhawah; dhawah,jatuh
dhawuh,ucapan; perintah; memerintahkan
dhayoh,tamu
dhedhe,berjemur
dhedhel,terlepas jahitannya
dhedhes,bau harum yang keluar dari tubuh musang
dhedhes,mendesak seseorang dengan pertanyaan agar ybs mengaku/ membuka rahasia
dhemen,suka
dhempet,melekat/rapat
dhendheng,daging dikeringkan dengan bumbu tertentu
dhewe,sendiri; sendirian
dhidhis,mencari kutu di kepala sendiril
dhingklang,pincang
dhingkluk,tunduk/menghadak ke bawah
dhodhog,ketuk pintu
dhodhos,lubangi dari bawah
dhompol,untaian dalam 1 tangkai
dhondhong,nama buah
dhongkol,mantan pejabat
dhoyong,miring
dhudha,duda
dhupak,tendang menggunakan tumit
dhuwit,uang
dhuwur,tinggi
dingklik,bangku kecil
disik,terlebih dulu
dluwang,kertas
dolan,bertandang
dolanan,"bermain, mainan, permainan"
donga,doa
dora,tidak terus terang
dosa,dosa
drenges,bunga sirih
driji,jari
dubang,ludah merah/ ludah orang yang makan sirih
duduh,kuah
duduh,beritahu
dugang,tendang dengan lutut
dulit,colek
dulur,saudara
dumuk,sentuh
dumunung,berada; bertempat
dunung,tempat
duratmaka,pencuri
duren,durian
durung,belum
dustha,curi
duwa,"tentang, lawan, tidak menyetujui"
dwi,dua
eca; eca,enak
edan,gila
eden,ejan
edhum,terlindung dari sinar matahari
edi,indah
eka,satu
elar,bulu unggas
elek,jelek
eling,"ingat, sadar"
elok,"aneh, ajaib"
eluk,tekuk
eman,sayang kalau hilang atau rusak
embah,nenek/kakek
embuh,entah
emoh,tidak mau
emplok,memasukkan ke mulut
empuk,lembut
emut,kulum
emut ; emut,ingat
enak,enak
encer,cair
endah,indah
endas,kepala binatang
endha,berkelit
endhang,gadis padepokan
endhang,jenguk
endi,mana
endog,telur
enek,mual
enem,enam
enep,endap
ener,arah
enggal,cepat
enggal,baru
enggar,hibur
enggelek,bangkit secara tiba-tiba
enggok,belok
enggon,tempat
enjing; enjing,pagi
entas,"angkat, ambil"
entek,habis
enten,tunggu
enten-enten,isi jajanan terbuat dari partan kelapa dimasak dengan gula merah
entheng,ringan
enthong,sendok nasi
entuk,"dapat, boleh"
entup,sengat
entut,kentut
enyang,tawar
epang,dahan
erah,ambil
eram,heran
eri,duri
esthi,latih; pelajari
estu,"sungguh, jadi"
esuk,pagi
ethok-ethok,pura-pura
ewa,kecewa
ewadene,walaupun demikian
ewah,ubah; berubah
ewuh,rikuh; serba salah
eyang,terlindung dari sinar matahari atau hujan
eyup,terlindung dari sinar matahari atau hujan
gabah,padi yang telah terlepas dari tangkainya
gada,gada; senjata pemukul
gadhah,mempunyai
gagah,gagah
gagak,burung pemakan bangkai
gagang,tangkai
gagas,pikir
gagasan,pemikiran
gage,cepat
gajah,gajah
gajih,lemak jenuh
galak,galak
galar,batang bambu; alas kasur
galengan,jalur pembatas petak sawah
galih,merasakan dalam hati
gaman,senjata
gambang,"alat musik pukul, bagian dari gamelan"
gambar,gambar
gambas,petola
gambir,buah pinang yang sudah diolah
gambir anom,nama tarian ksatria
gambyong,nama tarian untuk menyambut tamu
gamel,tukang merawat kuda
gamelan,alat musik Jawa
gampang,senang/mudah
gampil,gampang
gamping,kapur tembok
ganda,bau
gandarwa,hantu besar hitam
gandheng,gandeng
gandhes,luwes
gandhol,bergantung  pada sesuatu
gandhul,tergantung
ganep,gebap
gangsal,lima
gangsar,lancar
ganjar,ganjar
ganjaran,hadiah
ganjil,ganjil
gantung,gantung
gaplek,singkong yang dikeringkan
gapuk,rapuh dimakan usia
gapyuk,tidak sengaja bertemu berhadapan
garan,gagang
garing,kering
garu,alat penggaruk tanah; menggaruk tanah
garudha,"garuda, nama burung dalam mitos Jawa"
garwa,suami/istri
gasik,awal
gatel,gatal
gathot,makanan dari gaplek
gawan,bawaan
gawang-gawang,terbayang
gawat,gawat
gawe,buat
gayuh,capai
geber,layar penutup panggung
gebug,hantam badan dengan benda keras; pemukul besar
gedhang,pisang
gedhe,besar
gegana,angkasa
gegayuhan,keinginan/cita-cita
gegedhug,pimpinan
geger,punggung
geger,riuh
gela,kecewa
gelak,percepat
gelang,gelang
gelar,bentang
gelas,gelas
gelem,mau
gelis,cepat
gemak,burung puyuh
gemang,tidak mau
gembili,sejenis ubi/talas
gemblak,anak lelaki yang dijadikan kekasih seorang lelaki
gemblung,tidak normal pikirannya
gembok,gembok
gembor,alat untuk menyiram tanaman
gemes,gemas
gemlethak,bergeletakan
gemlundung,bergelundungan
gemregah,bangkit seketika
gemrubug,menderu
gemrudug,pergi/datangnya dalam jumlah besar
gemuk,lemak; pelumas
genah,jelas
gender,nama alat musik pukul
gendhakan,wanita simpanan
gendheng,atap seng
gendheng,gila
gendhing,musik Jawa
gendhuk,panggilan untuk anak perempuan
gendruwo,hantu besar hitam
gendul,botol
geni,api
genjer,nama sayuran
genjot,genjot
genter,galah
gentheng,genteng
genthong,tempayan
genuk,tempayan kecil
gepeng,pipih
geplak,nama jajanan terbuat dari kelapa parut dan gula
gepuk,pukul
gerah,sakit
gerang,dewasa
gereh,ikan asin
gering,sakit
germo,mucikari
gero-gero,menangis melolong-lolong
geseh,berbeda; tidak pas
geseng,hitam
getak,hardik
getap,cepat bertindak/bereaksi
getas,retas; mudah patah
gethek,rakit
gething,benci
gethuk,singkong rebus tumbuk
getih,darah
getir,rasa antara pahit menusuk
getun,menyesal
gila,jijik
gilig,tidak pipih
ginanjar,diberi hadiah/ganjaran
giris,ngeri
githok,belakang leher
glangsaran,jatuh terkapar
glathik,burung gelatik
glenik,bujuk
glethak,terletak
glindhing,menggelinding; bergulir
gludhug,guruh
glundhung,menggelinding; terguling
gobang,uang logam
gocek,berpegang
godhag,mampu berbuat
godhog,rebus
godhong,daun
gogor,anak harimau
gombak,surai kuda
gombal,kain usang
gondhal-gandhul,berayun-ayun
gondhangen,bengkak setelah dikhitan
gondhelan,berpegang
gondhok,bengkak pada kelenjar di leher
gondhol,bawa lari/gonggong
gondhong,bengkak pada leher
gori,nangka muda
gosong,hangus
gothot,berotot
gotong,angkat
gowang,berlubang pada tepi
grabah,perlengkapan rumah dari tanah liat
gragal,kerikil besar
gragapan,dalam keadaan belum sepenuhnya terjaga dari tidur
grahana,gerhana
grana,hidung
grapyak,ramah
grenengan,berbicara dengan suara rendah
gresek,mencari di antara sisa-sisa
gringgingen,kesemutan
gringsing,jenis kain/tenunan
griya,rumah
grudhal,kotoran gigi
grudug,pergi/ datang dalam jumlah besar
gruwung,berlubang
gudheg,masakan terbuat dari nangka muda
gudig,kudis
gudir,agar-agar
gugah,bangunkan
gugu,percaya
gugur,mati di medan perang
guling,guling
gulu,leher
gulung,gulung
gumpil,runtuh
gumuk,bukit kecil
gumyak),ramai; ceria
gundhul,tidak berambut
gundhul,kepala
gurah,nama tanaman
gurah,membersihkan saluran pernafasan menggunakan getah tanaman gurah
gusah,halau
guwa,gua
guyon,gurau
guyub,rukun damai
gya,segera
hara,coba
hastha,delapan
hayo,hayo
iba,betapa
ibere,terbang
ibu,ibu
ical; ical,hilang
idep,bulu mata
ider,berjualan berkeliling
idhep-idhep,sekalian; hitung-hitung
idhi,izin
idu,ludah
iga,tulang belikat
iguh,upaya; cara
ijem; ijem,hijau
ijir,berhitung
ijo,hijau
ijol,tukar
iket,ikat kepala
iki,ini
iku,itu
ila-ila,kepercayaan; pantangan
ilat,lidah
iler,air liur
iler,liur
ili,aliran
imbal,berselang-seling; saling
imbu,peram
imbuh,tambah; bonus
iming-iming,hadiah yang dijanjikan
impen,mimpi; impian
ina,hina
ing,di
inger,geser dengan sedikit mengubah arah
ingklik,bunga singkong
ingklik,cepat-cepat berlalu; berjalan cepat
ingkung,ayam panggang utuh
ingon-ingon,hewan peliharaan
ingsun,saya
ingu,memelihara
inuman,minuman
ireng,hitam
iring,iring
iringan,samping
isep,hisap
isih,masih
isin,malu
isis,sejuk terkena semilir angin
itil,klitoris
iwak,ikan
jabang,bayi
jabel,cabut kembali
jabut,cabut
jadah,nama jajanan dari ketan
jae,jahe
jaga,jaga
jagabaya,petugas keamanan desa
jagad,dunia
jagal,tukang potong hewan ternak
jagang,"penopang, standar"
jail,jahil
jajah,menguasai wilayah  negara lain
jajah,telah bepergian ke berbagai pelosok
jajal,coba
jajan,makanan ringan
jaka,jejaka
jala,jala
jaladri,lautan
jalak,nama burung
jalaran,penyebab
jaler; jaler,laki-laki
jalma,manusia
jalu,taji
jaluk,minta
jaman,jaman
jamas,keramas
jambak,tarik rambut
jamban,peturasan; kamar mandi
jambe,pinang
jambul,jambul
jamu,obat tradisional jawa
jan,sungguh-sungguh
jangan,sayur
jangar,rasa sakit dan panas di kepala
jangga,leher
janggel,tongkol jagung
janggut,dagu
jangka,jangka; ramalan
jangkar,"memanggil nama, tanpa sebutan penghormatan"
janma,manusia
japa,mantra
jarak,cari perkara
jaran,kuda
jarang,air panas
jare,katanya
jarem,tuam
jarik,kain panjang
jarit,kain panjang
jarke,biarkan
jarwa,"cerita, terjemah"
jatah,jatah
jathilan,tarian kuda kepang
jatukrama,jodoh
jawa,jawa
jawa,bertanggung jawab; tahu kewajibannya
jawah; jawah,hujan
jawat,"ganggu, godha"
jawata,dewa
jawi,jawa
jawil,senggol
jaya,jaya
jebeng,panggilan untuk bayi
jegog,salak
jegur,terjun ke dalam air
jejeg,tendang
jejeg,tegak
jejer,"adegan dalam pagelaran wayang yang menggambarkan pertemuan raja, para punggawa serta keluarga istana"
jejer,"bersanding, bersebelahan"
jejuluk,"panggilan, sebutan"
jelih,teriak
jembar,luas
jembrak,rambut yang gondrong dan berdiri
jembreng,buka lebar
jembut,rambut kemaluan
jembut,rambut kelamin perempuan
jempalik,terguling ke arah berlawanan
jempol,ibu jari
jemuwah,jumat
jenang,bubur halus
jenar,merah; kuning emas
jenate,Almarhum
jene,kuning
jeneng,nama
jenggong,salak
jengkar,"pindah, meninggalkan tempat"
jengkel,jengkel
jengking,tungging
jengkol,jering
jenthik,kelingking
jepit,jepit
jeplak,membuka dengan cepat
jeram,jeruk
jereng,juling
jerit,jerit
jero,dalam
jerohan,isi perut
jeruk,limau
jethungan,petak umpet
jewer,ditarik telinganya
jimat,jimat
jirih,penakut
jiwa,jiwa
jiwit,cubit
jlentreh,jelaskan
jodho,jodoh
jojoh,cucuk dengan benda tajam
jomplang,tidak setimbang
jorok,dorong sampai jatuh
jothak,seteru
juju,suap langsung ke dalam paruh
jujug,langsung menuju
jujul,kembalian
jujur,jujur
jujur,lurus
julungpujut,nama wuku dalam penanggalan jawa
julungwangi,nama wuku dalam penanggalan jawa
jumadilakir,nama bulan dalam penanggalan jawa
jumadilawal,nama bulan dalam penanggalan jawa
jumantara,angkasa
jumawa,angkuh
jumbuh,"bertemu, cocok"
jumpalitan,berguling-guling
jungkat,sisir
jupuk,ambil
juragan,majikan
juragan,majikan
juweh,suka memberikan komentar tentang urusan orang lain
Kabeh,semua
Kacu,sapu tangan
Kacuk,kemaluan laki laki
Kacung,pelayan
Kademen,kedinginan
Kadingaren,tumben
Kadipaten,kadipaten
Kadohan,kejauhan
Kakehan,kebanyakan
Kambil,kelapa
Kampleng,pukul
Kampul2,mengambang
Kampung,kampung
Kana,sana
Kanca,teman/kawan
Kanda,bilang/mengatakan
Kandang,kandang
Kapok,kapok /tidak mau mengulangi
Kapuk,kapas
Kasep,terlambat
Kasur,kasur
Kathok,celana
Kawat,kawat
Kebak,penuh
Kecelek,tertipu/terlambat tidak mendapatkan apa apa
Kecik,biji
Kemaki,belagu
Kemayu,genit
Kembang,bunga
Kembar,kembar
Kembung,kembung
Kemingkel,terbahak
Kemu,kumur
Kena,kena
Kenceng,banter
Kendel,berani
Kendi,kendi
Kendil,periuk nasi dari tanah
Kendo,longgar/kurang kuat/rapat
Kene,sini
Kenthir,gila
Kenthongan,kentongan
Kenthu,bersetubuh
Keplok,tepuk tangan
Kerdus,kardus
Kere,kere/gembel
Kerek,kerek
Keri,ketinggalan
Keselak,tersedak
Kethak,jitak
Kikir,kikir
Kisruh,kisruh
Kiwa,kiri
Klambi,baju kemeja
Klapa,kelapa
Klebon,kemasukan
Klebu,masuk
Klilip,kelilipan
Kluwih,nangka sayur
Kobong,terbakar
Kocak,kocak
Kodok,katak
Kolak,kolak
Konangan,ketahuan
Kondang,terkenal
Konthol,Penis
Koplok,pukul
Kopong,"tidak ada isinya, kosong"
Kosok Balen,sebaliknya
Kosokan,gosokan
Kothak,kotak
Krama,"bahasa jawa halus, kawin"
Kramas,keramas
Kramat,keramat
Kucing,kucing
Kudu,harus
Kudung,kerudung
Kulit,kulit
Kulu,tetelan
Kumat,kambuh
Kumu,kumur
Kuna,kuno
Kura,kura-kura
Kutha,kota
Kuwat,kuat
Kuwi,itu
Labuh,berlabuh
Ladrang,istilah dalam seni karawitan
Laku,perjalanan hidup/cobaan yang harus dilalui
Lalen,pelupa/gampang lupa
Laler,Lalat
Lali,lupa
Lambaran,dasar/alas
Lambe,bibir
Lamur,kabur
Lanang,laki-laki
Lancang,lancang
Landep,tajam
Lapangan,tanah lapangan/lapangan sepak bola
Lara,sakit
Laras,laras
Laris,laris
Latar,halaman
Lawa,kelelawar
Legi,manis
Lelakon,cerita hidup
Lelayu,berita kematian
Lemah,tanah
Lemes,lemas
Lempung,tanah liat
Lemu,gemuk
Lemut,nyamuk
Lenga,minyak
Lengen,lengan
Lenggah,duduk
Lesehan,lesehan
Lesus,angin lesus
Lima,lima
Limpung,ubi goring
Lindu,gempa bumi
Linggih,duduk
Lintang,bintang
Lintu,tukar
Lirih,pelan
Liya,lain
Liyane,yang lain
Lobok,kebesaran/kegedean
Loji,rumah besar bertingkat
Loma,murah hati/dermawan
Lombok,cabe/lombok
Londo,belanda/orang barat
Lor,utara
Loro,dua
Luber,meluap
Lugu,lucu
Lumantar,melalui sesuatu
Lumrah,wajar
Lunga,pergi
Lungguh,duduk
Lurah,lurah
Luwe,lapar
Luwih,lebih
Mabur,Terbang
Macet,Macet
Madang,Makan Nasi
Magglek,Sedap/Kaw!
Malah,Malah
Malang,Melintang
Males,Malas
Mambang,Terapung
Mambu,Bau
Mampang,Marah-marah
Mampir,Singgah
Manak,Beranak
Mancah,Menebas
Mancur,Memancut
Mandek,Berhenti
Mandhan,Agak
Mandhi,Mujarab
Mandleb,Termasuk
Mangan,Makan
Mangap,Nganga
Manggat-Manggut,Terangguk-angguk
Mangkakkei,Sebenarnya
Mangkali,Beri Pangkal
Mantu,Menantu
Manuk,Burung
Mari,Senang/Sembuh
Maring,Pergi
Masang,Memasang
Masem,Masam
Maslup,Termasuk
Mateng,Masak
Matoh,Patuh/Ketagih
Matok,Memberi tanda ataupun jejak
Mayar,Senang
Mayit,Mayat
Mbanget,Sangat
Mbecek,Menyumbang
Mbelayu; mlayu,Lari
mbyar,berserakan
Medakie,Bedakkan
Medeng,Sedang/Muat
Medhii; memedhi,Hantu
Megar,Kembang Mekar
Mekakat,Batasan/Had
Melaku,Berjalan
Melaku,Berjalan
Melas,Kasihan
Melayu,Lari
Melebu,Masuk
Melek,Celik
Melento,Melentur
Melorot,Melorot
Melotas,Luka/Melecet
Melu,Ikut
Melukok,Loya
Men; min,Biar
Menceng,Senget/Herot
Menclok,Hinggap
Mencong,Senget/Tak Tegak
Mendak,Berikutnya
Mendek,Merendah
Mendhelik,Terbeliak
Meneh,Lagi
Menek,Panjat
Meneri,Kebetulan
Menggok,Belok
Mengko,Nanti
Mengo,menengok;Bersuara
Mengung,Bingung/Gila
Menining,Bengkak Sangat
Menjeng,Miang
Menjep,Masam Muka
Mennekhei,Agaknya
Mennyat,Bangun
Menowo,Agaknya
Mentas,Bangkit Dari Air
Mentong,Makan Kali Kedua
Mentu,Keluar
Merat,Berambus
Merayo,Merayau
Merem,Pejam
Merene,Ke Sini
Merengut,Masam Muka/Merungut
Meres,Perah
Meriang,Demam
Merie,Cemburu
Merindhing,Bulu Roma Naik
Meripat,Mata
Merono,Ke Sana
Merot,Mulut tidak sempurna
Mesem,Senyum
Meteng,Mengandung
Methang,Minum Di Warung
Meto-meto,Marah-marah
Mettottok,Cangkung
Mettuttuk,Selonggok
Metuntung,Bengkak/Membusung
micek,Tidur
Midun,Turun
Mili,Mengalir
Milu,Ikut
Mimpes,Kempis
Minggat,Lari Dari Rumah
Mingkem,Katup
Mithek,Memijak
Mitoni,Memperingati tujuh hari bayi
Miwik-miwik,Penuh Sangat
Modhar; modar;modiar,Mati
Momrot,parah
Mondok,Belajar Di Sekolah Pondok
Mowo,Bara
Mubeng,Pusing
Muganei,Sebab
Mulak-mulek,Loya
Mulane,Sebab
Mumet,Pening
Munggah,Naik
Munuh,Mengalah
Munyer,Pening
Mupu,Angkat
Murup,Menyala
Muyang Patek,Cari Bala
Muyer,Pening
Muyi,Melihat Bayi Baru Lahir
Nabok,Tampar
Nambani,Rawat/Obati
Nandho,Menyimpan
Nandur,Tanam
Nawani,Menawarkan
Ndablek,Keras Kepala
Ndekek,Menaruh
Ndekok,Tidur
Ndhodhok,Jongkok
Ndhuwur,Atas
Ndublek,Keras Kepala
Nembei,Akhir
Nembung,Minta Izin
Nemen,Terlalu
Nesu,Marah
Ngabani,Amaran/Sapa
ngaceng,ereksi; terangsang
Ngagir,Baring
Ngajak,Mengajak
nganti/ngasi,Sampai/Beberapa
Ngarep,Depan
Ngawe;Ngawakai; ngawekani,Sapa/Tegur/Layan
Ngayap,Merayap
Ngedok,Berhenti Rehat/Cuti
Ngeduk,Menggali
Ngelak,Haus/Dahaga
Ngelakoni,Melakukan
Ngelangi,Berenang
Ngelenceir,Makan Angin
Ngeliep,Tidur Ayam
Ngembor,Melaung
Ngemut,Mengulum
Ngemut,Mengulum
Ngencis,Air Liur Basi
Ngendangi,Melihat-lihat
Ngendep,Mengendap
Ngeplak,Tampar
Ngerues,Memulas-mulas
Ngeteri,Hantar
Nggandheng,Menggandeng
Nggenah,Nyata
Nggoroh,Bohong
Nggowo,Bawa
Ngguang,Buang
Ngguyu,Ketawa
Ngiler,Keluar Air Liur Basi
Ngisi,Isi
Ngising,Berak
Ngisor,Bawah
Ngolok-ngolok,Ungkit
Ngombe,Minum
Ngomong,Cakap
Ngompol,Kencing Malam
Ngoyak,Mengejar
Ngregelli,Cicir
Ngrewangi,Bantu/Tolong
Ngumpet,Sembunyi
Nguyuh,Kencing
Nimbrung,Masuk Campur
Njaluk,Minta
Njambal,Makan Sedikit-sedikit/Ratah
Njarak,Sengaja
Njegong,Duduk
Nombok,Tumbuk
Nompo,Terima
Nongkrong,Nongkrong
Nothok,Sekel Kepala
Nothol,Patuk
Nuroni,Tiduri
Nyadong,Menadah Tangan
Nyambut,Sambut
Nyaplok,Makan
Nyelang,Pinjam
Nyelem,Menyelam
Nyeleng,Menabung
Nyemplung,Masuk Ke Dalam Air
Nyokot,Gigit
Nyolong,Mencuri
Nyonggrok,Menjolok
Nyonyot,Hisap
Nyumbang,Menyumbang
Nyumbang,Menyumbang
Nyungir,Bibir Bengkak
obah,bergerak
obok-obok,aduk-aduk menggunakan tangan
obong,bakar
obor,obor
oceh,cakap
ogak,goyang
ombak,ombak
ombe,minum
omben-omben,minuman
omber,luas
ombyok,ikatan besar
omong,cakap
ompol,air kencing yang dikeluarkan dalam tidur
opak,kerupuk dari umbi-umbian
ora,tidak
orak-arik,masakan dari telur
orat-arit,berantakan
osik,gerak
owah,berubah
owah,gila
oyok,rebut
oyot,akar
Padang,Terang
Pager,Pagar
Pakan,Makanan
Palang,Jangan
Palis,Selisih/Dijauhkan
Paman,Paman; pakcik
Pancah,Tebas
Pancal,Langgar
Pandes,Rata
Panggah,Tetap
Pangkon,Pangkuan
Panin,Menuai
Pantes,Elok
Pantheng,Lihat
Pantheng,Tegang
Papak,Rata
Papat,Empat
Parani,Jemput
Paroh,Bagi Dua
Pas-passan,Cukup-cukup
Pateni,Matikan
Pathak,Kepala
Pating,Sedang
Payah,Susah
Pedes,Pedas
Pedot,Putus
Pegat,Cerai
Pegel,Geram/Marah
Pejuh,Air Mani
Peket,Pekat
Pelem,Mempelam; mangga
Peli,Penis
Pelirik'ei,Jeling
Pelo,Empedal
Pencot,Pijak
Pendak,Kali Kedua
Penggik,Ramping
Pengkor,Timpang
Penthelik'ei,Beliakkan Mata
Penthil,Putik; puting
Penthol,Ketua
Penthong,Pukul
Penyak,Pijak
Penyok,Penyok
Peppek,Tumbuh Bulu
Peppet,Rapat
Perawan,Anak Dara
Perot,Baju Panas
Peteng,Gelap
Pethil,Tanggal
Pethuk,Jumpa
Peyang,Botak
Picek,Buta
Pijo,Pijar
Pilek,Selsema
Piloni,Ikutkan
Pindo,Kali Kedua
Pirang-pirang,Banyak Sekali
Piring,Pinggan
Piro,Berapa
Pithek,Pijak
Pithes,Lenyek Dengan Kuku
Pitu,Tujuh
Plek-plek,Iras-iras
Podo,Sama
Pohtol,Tanggal/Cabut
Popok,Lampin
Poro,Para
Pothes,Patah
Poyok,Ajuk/Ejek
Preges,Gondol
Primpen,Simpan
Pring;Pering,Buluh
Pulen,Empuk
Pumpung,Sementara
Pupu,Paha
Puput,Tanggal Tali Pusat
Puputan,Kenduri Untuk Bayi
Putu,Cucu
susu,payudara
ubarampe,perlengkapan
ucek,gosok-gosokkan
uceng,jenis ikan sungai
ucul,terlepas
udakara,"kira-kira, kurang lebih"
udal-udal,membongkar
udan,hujan
udani,telanjangi
udel,pusar
udheng,ikat kepala
udi,ajar; pelajari
udud,rokok; merokok
udun,bisul
udur,berdebat
uga,juga
ugal-ugalan,bertindak tanpa mengindahkan aturan
ugel-ugel,pergelangan tangan
uger-uger,kusen
uget-uget,larva
ugi,juga
ugungan,senang dipuji
uja,penuhi segala keinginan
ujar,perkataan
ujub,laksanakan
ujur,membujur
ukara,kalimat
ukir,ukir
ula,ular
ular-ular,petuah
ulem,undang
uleng-ulengan,berguling-guling
uler,ulat
ules,warna
ulet,liat
ulu,telan
ulung,serah
uman,kebagian
umbar,biarkan/ lepaskan
umbel,ingus
umbul,gambar
umbul,mata air
umbul-umbul,bendera
umek,tidak bisa diam
umik-umik,komat-kamit
umob,didih
umpak,alas tiang
umplung,kaleng
umum,umum
umur,umur
umyek,sibuk sendiri
undamana,maki-maki
undang,panggil
under,"pusat, inti"
undha,terbangkan
undha-undhi,"sama saja, selisih usianya sedikit"
undhuh,petik/tuai
undur,gerak ke belakang
undur-undur,nama serangga
uni,"bunyi, suara"
unjuk,geser naik
unjuk,minum
unta,onta
untab,temani saat-saat keberangkatan
untal,telan semuanya
untel-untel,berbuntal-buntal
unthuk,busa
unting,ikat segepok
untir,pelintir
untu,gigi
untup-untup,muncul sedikit
upama,umpama
upaya,upaya
ura-ura,bernyanyi
urik,curang
urip,hidup
usada,obat
usir,usir
usus,usus
usus-usus,tali kolor
utang,hutang
uwa,sebutan untuk kakak ayah/ibu
uwal,terlepas dari ikatan
uwan,uban
uwang,rahang bawah
uwi,talas
uyuh,air seni
uyup,hirup
waca,baca
wacana,"wacana, diskursus"
wadal,tumbal
wadanan,julukan
wadas,cadas
wadat,tidak menikah
wadhag,jasmani
wadhah,tempat
wadhang,masakan kemarin
wadhuk,bendungan
wadhuk,perut
wadi,rahasia
wadon,perempuan
wadul,mengadu
wage,nama pasaran
wagu,janggal
waja,baja
waja,gigi
wajan,kuali
wajik,nama jajanan terbuat dari ketan
wajik,jajaran genjang
walanda,belanda
walandi,belalang
walang,belalang
waleh,bosan
wales,balas
walesan,gagang pancing
wali,wali
walik,balik
waluh,labu
waluya,sehat
wana,hutan
wanadri,hutan rimba
wanara,kera
wanci,waktu
wanda,badan
wanda,suku kata
wande; wande,warung
wandu,banci
wangi,harum
wangsit,wahyu
wangun,bentuk
wangwung,kumbang
wani,berani
wanita,wanita
wanodya,wanita
wanti-wanti,berpesan dengan sangat
wanuh,"tahu, kenal"
waos,gigi
waos,baca
warah,tunjuk/ajar
warak,badak
warangan,racun
waranggana,penyanyi
warangka,"kerangka, sarung keris"
waras,sehat
wara-wara,pengumuman
wareg,kenyang
wareng,keturunan ke 5
warga,warga
wargi; wargi,warga
warih,banyu
waringuten,kewalahan
waris,waris
warna,warna
warok,orang berilmu
warsa,tahun
warta,berita
warung,warung
wasis,pandai
waskitha,waspada
waspa,air mata
waspada,waspada
wastani,"kira, sangka; namakan, sebut"
wastra,laut
watak,watak
watara,kira-kira
watek,watak
wates,batas
waton,asal-asalan; asalkan
watu,batu
wau,tadi
wawacan,bacaan
wawansabda,bercakap-cakap
wawas,"pikir, timbang"
wawasan,"pikiran, pertimbangan"
wayah,cucu
wayah,masa/waktu
wayang,wayang
wayu,basi
wayuh,diduakan
we,air
wedang,air matang
wedang,minuman hangat
wedhak,bedak
wedhar,"urai, bahas"
wedhi,pasir
wedhok,perempuan
wedhon (t,hantu sawah
wedi,takut
wedus,kambing
wegah,enggan
wekas,pesan
wekasan,akhir
wekdal; wekdal,waktu
wektu,waktu
welas,rasa kasihan; merasa kasihan
weleh,balasan setimpal
weling,pesan
weling,ular belang
wenang,"berwenang, berhak"
wengi,malam
wengku,"memangku, menikahi"
wening,bening
wentis,betis
werdi,arti
werna,"warna, jenis"
weruh,"nampak, tahu"
wesi,besi
wet,hukum
wetah ; wetah,utuh
wetan,timur
weteng,perut
weton,hari kelahiran
wetu,keluar
wewaler,pantangan
wewe,hantu perempuan
weweh,memberi
wewengkon,"daerah kekuasaan, wilayah"
widada,selamat
widadara/i,bidadari laki-laki/perempuan
wigati,penting
wiji,biji; benih
wijik,mencuci tangan
wilang,hitung
wilangan,bilangan
wilujeng,selamat
winarah,terjadi
winengku,disunting; diperistri
wingenane,dua hari yang lalu
wingi,kemarin
wingit,angker
wingking; wingking,belakang
winih,benih
winisuda,diwisuda
wirama,irama
wirang,malu
wirid,kata atau kalimat pujian kepada Allah yang dibaca berulang-ulang
wiridan,pembacaan wirid
wiring galih,hitam
wiron,bagian dari kain panjang yang dilipat memanjang bersusun yang akan diletakkan di bagian terluar di depan pada saat kain panjang dikenakan
wiru,melipat bagian tepi kain panjang menjadi lipatan-lipatan kecil memanjang bersusun
wis,sudah
wisa,"bisa, racun"
wisik,"bisikan, wahyu"
wisma,rumah
wisuda,wisuda
wisuh,basuh tangan/kaki
wit,pohon
witikna,salah sendiri; mengapa pula
wiwit,mulai
wondene,sedangkan
wong,orang
wos,arti
wos; wos,beras
wot,jembatan
wrangka,sarung keris
wre,kera
wreda,yua
wucal; wucal,ajar
wuda,telanjang
wudhar,terurai
wudun,bisul
wukir,gunung
wulang,ajar
wulu,bulu
wulung,elang
wulung,ungu tua
wungkuk,bongkok
wungu,ungu
wungu: wungu,bangun
wuninga,tahu
wuri,belakang
wuruk,tunjuk/ajar
wurung,batal
wus,sudah
wusana,"akhir, kejadian"
wuta,buta
wutah,tumpah
wutuh,utuh
wuwuh,tambah
wuwung,bubungan atap
wuwus,"bicara, kata-kata"
wuyung,kasmaran
yaksa,raksasa
yamadipati,dewa kematian
yasa,membuat
yatra,uang
yayah,ayah
yayi,adik
yekti,sungguh; benar
yen,"bila, jika"
yuswa,umur
yuta,juta
yuwana,selamat
yuyu,kepiting sungai
telo,ubi
saru,tabu
turu,mengantuk
wes,udah
opo,apa
urung,belum
"awakmu, sampean, koe",kamu
uwong,orang
"lek, sak umpomo",kalo
matursuwun,terimakasih
suwi,lama
sek,masih
engko,nanti
disek,dulu
